Analysis Time,Product Name,Product Code,Sample Type,Sample Number,Sample Comment,Instrument Name,Instrument Serial Number,Moisture,Global H Moisture,Neighbourhood H Moisture,Protein,Global H Protein,Neighbourhood H Protein,Fat,Global H Fat,Neighbourhood H Fat,SFA,Global H SFA,Neighbourhood H SFA,t-statistics SFA,Carbs,Collagen,Global H Collagen,Neighbourhood H Collagen,t-statistics Collagen,Salt,Global H Salt,Neighbourhood H Salt,t-statistics Salt,Salt Na,Global H Salt Na,Neighbourhood H Salt Na,Water activity,Global H Water activity,Neighbourhood H Water activity,Ash,Global H Ash,Neighbourhood H Ash,L,a,b,Energy kJ_100g,Energy_kcal_100g
7/8/2022 2:27:40 PM,5-4. Duck (Medium cup),,Normal,1月1日,,FoodScan 2,91880802,23.4,16.53,6.91,41.59,17.6,7.55,-10.02,17.17,6.85,-6.75,39.47,18.85,-3.07,43.09,1.07,22.82,9.19,-0.86,-1.24,25.41,9.91,-2.48,0.37,83.24,70.18,0.86,102.83,86.5,1.94,33.5,17.38,31.2,19.5,15.2,1069,249
7/8/2022 2:28:21 PM,5-4. Duck (Medium cup),,Normal,1月2日,,FoodScan 2,91880802,23.62,16.18,6.73,41.55,17.32,7.42,-10.01,16.82,6.65,-6.88,39.18,18.67,-3.1,42.9,1.07,22.15,8.76,-0.86,-1.2,25.01,9.8,-2.46,0.37,81.68,69.19,0.86,101.57,85.25,1.94,33.09,17.1,30.6,19.4,15.3,1065,248
7/8/2022 2:28:47 PM,5-4. Duck (Medium cup),,Normal,1月3日,,FoodScan 2,91880802,23.59,15.99,6.59,42.2,17.28,7.24,-9.9,16.63,6.77,-6.65,39.21,18.61,-3.04,42.18,1.07,22.42,8.95,-0.86,-1.07,25.07,9.92,-2.35,0.53,80.7,68.07,0.86,99.85,83.88,1.94,33.09,17.13,31.9,20,16.1,1068,248
7/8/2022 2:30:10 PM,5-4. Duck (Medium cup),,Normal,1-1-PD,,FoodScan 2,91880802,25.97,17.63,6.41,43.93,17.56,6.63,-10.9,18.84,6.27,-0.91,39.15,18.9,-1.54,39.02,0.65,22.36,8.84,-1.23,0.75,25.42,7.17,-0.88,0.63,156.04,139.94,0.79,110.18,92.38,1.99,26.69,14.63,31.6,18.1,14,1007,234
7/8/2022 2:30:37 PM,5-4. Duck (Medium cup),,Normal,1-2-PD,,FoodScan 2,91880802,25.52,16.87,5.8,43.79,16.84,6.02,-10.75,18.08,5.71,-1.25,38.21,18.38,-1.63,39.38,0.39,21.73,8.54,-1.46,0.43,24.6,6.98,-1.15,0.74,153.58,137.58,0.79,114.78,96.22,2.06,26,14.14,31.6,18.1,14.1,1016,236
7/8/2022 2:31:05 PM,5-4. Duck (Medium cup),,Normal,1-3-PD,,FoodScan 2,91880802,26.38,17.49,6.25,42.32,17.35,6.42,-10.99,18.64,6.1,-0.91,38.81,18.66,-1.54,39.89,0.98,22.52,8.94,-0.94,0.68,25.53,6.97,-0.94,0.75,154.24,138.2,0.78,110.79,92.79,2.4,26.69,14.59,31.8,17.8,13.9,991,230
7/8/2022 2:34:39 PM,5-4. Duck (Medium cup),,Normal,1-1-CO-PD,,FoodScan 2,91880802,68.77,0.54,0.08,7.25,0.57,0.09,-1.35,0.47,0.06,2.46,0.87,0.03,-0.67,23.04,0.61,0.39,0,-1.27,1.87,0.2,0.03,0.02,3.8,15.67,11.03,0.93,10.13,6.17,2.28,1.04,0.31,81.8,5,23.3,465,109
7/8/2022 2:35:18 PM,5-4. Duck (Medium cup),,Normal,1-2-CO-PD,,FoodScan 2,91880802,68.79,0.54,0.08,7.25,0.57,0.09,-1.33,0.47,0.06,2.45,0.87,0.03,-0.67,23.01,0.6,0.39,0,-1.27,1.91,0.2,0.03,0.05,3.82,15.6,10.97,0.93,10.09,6.15,2.29,1.04,0.31,81.2,4.9,23.6,465,109
7/8/2022 2:35:43 PM,5-4. Duck (Medium cup),,Normal,1-3-CO-PD,,FoodScan 2,91880802,68.74,0.54,0.07,7.23,0.57,0.09,-1.33,0.47,0.07,2.45,0.87,0.03,-0.67,23.1,0.61,0.39,0,-1.27,2.01,0.19,0.03,0.13,3.81,15.64,11.01,0.93,10.13,6.19,2.26,1.05,0.31,81.4,5,23.8,467,109
7/8/2022 2:48:03 PM,5-4. Duck (Medium cup),,Normal,1-1-CO-M,,FoodScan 2,91880802,68.19,0.51,0.03,7.93,0.51,0.04,-0.8,0.42,0.03,-0.3,0.96,0.05,-1.38,22.66,0.46,0.42,0,-1.4,1.58,0.19,0.01,-0.22,3.73,4.81,1.82,0.96,5.05,1.75,2.01,0.91,0.35,82.7,4.2,22.4,491,115
7/8/2022 2:48:36 PM,5-4. Duck (Medium cup),,Normal,1-2-CO-M,,FoodScan 2,91880802,68.21,0.51,0.03,7.92,0.51,0.04,-0.78,0.42,0.03,-0.3,0.96,0.05,-1.38,22.64,0.47,0.42,0,-1.39,1.55,0.19,0.01,-0.24,3.71,4.8,1.82,0.96,5.02,1.74,2.01,0.91,0.35,82.4,4.2,22.5,491,115
7/8/2022 2:49:00 PM,5-4. Duck (Medium cup),,Normal,1-3-CO-M,,FoodScan 2,91880802,68.25,0.51,0.03,7.95,0.51,0.04,-0.73,0.42,0.03,-0.27,0.94,0.05,-1.38,22.51,0.44,0.42,0,-1.42,1.6,0.19,0.01,-0.2,3.74,4.77,1.81,0.96,5,1.76,2.02,0.91,0.35,82.4,4.1,22.5,491,115
8/16/2022 10:29:19 AM,5-4. Duck (Medium cup),,Normal,Duck-A1-1-1,,FoodScan 2,91880802,75.49,0.36,0.05,24.77,0.38,0.03,1.64,0.35,0.05,0.9,1.07,0.08,-1.07,0,1,0.54,0.03,-0.93,0.52,1.21,0.2,-1.07,-0.16,14.11,8.92,1,2.5,1.98,1.51,0.35,0.1,40.5,16.3,10.2,482,114
8/16/2022 10:37:56 AM,5-4. Duck (Medium cup),,Normal,Duck-A1-2,,FoodScan 2,91880802,74.56,0.49,0.04,24.96,0.54,0.04,1.81,0.48,0.04,1.01,1.51,0.1,-1.04,0,1,0.77,0.02,-0.93,0.53,1.62,0.35,-1.06,-0.06,17.6,13.33,1,2.92,1.94,1.62,0.56,0.17,36.7,15.8,8.7,491,116
8/16/2022 10:49:15 AM,5-4. Duck (Medium cup),,Normal,Duck-B1-1,,FoodScan 2,91880802,73.76,0.84,0.07,23.39,0.9,0.07,2.33,0.77,0.07,1.03,1.88,0.18,-1.04,0,1.25,1.46,0.03,-0.7,0.68,2.51,0.28,-0.94,-0.8,40.5,29.45,0.99,7,3.39,2.17,0.77,0.15,35.3,16.8,8.2,484,115
8/16/2022 10:50:21 AM,5-4. Duck (Medium cup),,Normal,Duck-B1-2,,FoodScan 2,91880802,73.62,0.87,0.07,23.33,0.93,0.07,2.4,0.8,0.06,1.05,1.91,0.17,-1.03,0,1.3,1.51,0.02,-0.66,0.68,2.57,0.27,-0.94,-0.81,41.91,30.69,0.99,7.26,3.53,2.24,0.8,0.16,35.2,16.5,7.9,485,115
8/16/2022 10:50:49 AM,5-4. Duck (Medium cup),,Normal,Duck-B1-3,,FoodScan 2,91880802,73.62,0.87,0.07,23.34,0.93,0.07,2.4,0.8,0.07,1.04,1.9,0.17,-1.04,0,1.28,1.51,0.02,-0.68,0.72,2.57,0.27,-0.91,-0.81,41.87,30.68,0.99,7.25,3.52,2.26,0.8,0.16,35.2,16.5,7.9,486,115
8/16/2022 10:58:11 AM,5-4. Duck (Medium cup),,Normal,Duck-A1-1-2,,FoodScan 2,91880802,75.11,0.45,0.05,24.42,0.5,0.04,1.78,0.44,0.05,1.02,1.36,0.07,-1.04,0,1.12,0.64,0.02,-0.82,0.37,1.47,0.29,-1.19,-0.13,16.12,11.87,1,2.76,2.19,1.38,0.48,0.12,39.9,15.6,10.2,481,114
8/16/2022 10:58:31 AM,5-4. Duck (Medium cup),,Normal,Duck-A1-1-3,,FoodScan 2,91880802,74.99,0.45,0.05,24.44,0.5,0.04,1.78,0.44,0.05,1.02,1.36,0.07,-1.04,0,1.1,0.64,0.02,-0.84,0.4,1.47,0.29,-1.16,-0.13,16.26,12.01,1,2.78,2.17,1.39,0.48,0.12,39.9,15.6,10.3,481,114
8/16/2022 11:10:33 AM,5-4. Duck (Medium cup),,Normal,Duck-C1-1,,FoodScan 2,91880802,74.97,0.57,0.08,25.94,0.58,0.08,1.48,0.49,0.08,0.6,1.04,0.11,-1.15,0,1.3,0.71,0.01,-0.66,1.07,1.79,0.26,-0.63,-1.11,31.32,19.24,1,6.98,4.27,1.84,0.46,0.11,34,17.2,7.7,496,117
8/16/2022 11:10:54 AM,5-4. Duck (Medium cup),,Normal,Duck-C1-2,,FoodScan 2,91880802,74.97,0.57,0.08,25.93,0.58,0.08,1.48,0.49,0.08,0.59,1.04,0.11,-1.15,0,1.3,0.72,0.01,-0.66,1.14,1.79,0.27,-0.57,-1.09,31.49,19.41,1,6.98,4.3,1.85,0.46,0.11,34,17.2,7.7,496,117
8/16/2022 11:11:14 AM,5-4. Duck (Medium cup),,Normal,Duck-C1-3,,FoodScan 2,91880802,74.92,0.57,0.08,25.89,0.58,0.08,1.48,0.49,0.08,0.59,1.05,0.11,-1.15,0,1.29,0.72,0.01,-0.67,1.11,1.79,0.27,-0.59,-1.11,31.59,19.53,1,6.95,4.32,1.77,0.46,0.11,34,17.2,7.7,495,117
8/16/2022 11:24:36 AM,5-4. Duck (Medium cup),,Normal,Duck-D1-1,,FoodScan 2,91880802,74.18,1.7,0.16,22.13,1.72,0.16,2.42,1.56,0.15,0.96,2.07,0.14,-1.06,0,1.08,2.69,0.06,-0.85,0.4,3.85,0.04,-1.17,-1.55,70.75,54.83,0.99,13.98,8.37,3.46,1.34,0.32,29.2,15.7,5.6,466,110
8/16/2022 11:24:57 AM,5-4. Duck (Medium cup),,Normal,Duck-D1-2,,FoodScan 2,91880802,74.21,1.69,0.16,22.19,1.72,0.16,2.4,1.55,0.15,0.95,2.06,0.14,-1.06,0,1.07,2.69,0.06,-0.86,0.36,3.84,0.04,-1.2,-1.55,70.7,54.78,0.99,13.96,8.35,3.46,1.34,0.32,29,15.8,5.6,466,110
8/16/2022 11:25:16 AM,5-4. Duck (Medium cup),,Normal,Duck-D1-3,,FoodScan 2,91880802,74.19,1.69,0.16,22.13,1.72,0.16,2.4,1.55,0.15,0.95,2.07,0.14,-1.06,0,1.08,2.69,0.06,-0.85,0.3,3.85,0.04,-1.25,-1.56,70.84,54.94,0.99,13.98,8.35,3.42,1.34,0.32,29,15.9,5.6,465,110
8/16/2022 11:38:07 AM,5-4. Duck (Medium cup),,Normal,Duck-E1-1,,FoodScan 2,91880802,74.03,1.14,0.08,22.71,1.2,0.08,2.4,1.06,0.08,1.03,2.28,0.17,-1.04,0,1.17,2.02,0.01,-0.77,0.62,3.11,0.14,-0.99,-0.94,50.32,38.55,0.99,9.09,4.69,2.56,1.02,0.23,32.2,15,6.3,475,112
8/16/2022 11:38:30 AM,5-4. Duck (Medium cup),,Normal,Duck-E1-2,,FoodScan 2,91880802,74.11,1.14,0.08,22.67,1.2,0.08,2.35,1.06,0.08,1.02,2.29,0.17,-1.04,0,1.18,2.02,0.01,-0.76,0.51,3.12,0.14,-1.08,-0.96,50.62,38.83,0.99,9.14,4.73,2.59,1.03,0.23,32.1,15,6.3,472,112
8/16/2022 11:38:50 AM,5-4. Duck (Medium cup),,Normal,Duck-E1-3,,FoodScan 2,91880802,74.22,1.14,0.09,22.69,1.21,0.09,2.34,1.06,0.08,1.04,2.29,0.17,-1.04,0,1.18,2.03,0.01,-0.76,0.47,3.12,0.14,-1.11,-0.97,50.95,39.11,0.99,9.22,4.77,2.61,1.03,0.23,32.1,15,6.3,472,112
8/16/2022 2:03:30 PM,5-4. Duck (Medium cup),,Normal,Duck-G-A1-1-1,,FoodScan 2,91880802,75.89,0.47,0.05,23.88,0.52,0.04,1.82,0.49,0.05,1.22,1.31,0.05,-0.99,0,0.7,0.62,0.02,-1.19,0.06,1.42,0.31,-1.44,0.44,10.61,7.73,1,2.37,1.76,1.39,0.62,0.1,46.2,16.3,14.6,473,112
8/16/2022 2:03:55 PM,5-4. Duck (Medium cup),,Normal,Duck-G-A1-1-2,,FoodScan 2,91880802,75.84,0.47,0.05,23.84,0.52,0.04,1.83,0.49,0.05,1.21,1.32,0.05,-0.99,0,0.74,0.62,0.02,-1.15,-0.03,1.43,0.31,-1.51,0.4,10.71,7.8,1,2.39,1.77,1.35,0.62,0.1,46.1,16.4,14.6,473,112
8/16/2022 2:04:30 PM,5-4. Duck (Medium cup),,Normal,Duck-G-A1-1-3,,FoodScan 2,91880802,75.79,0.47,0.06,23.88,0.52,0.04,1.83,0.5,0.05,1.22,1.31,0.05,-0.99,0,0.7,0.62,0.02,-1.19,0,1.43,0.31,-1.49,0.42,10.88,7.92,1,2.39,1.77,1.37,0.62,0.11,46,16.4,14.7,474,112
8/16/2022 2:12:04 PM,5-4. Duck (Medium cup),,Normal,Duck-G-A1-2-1,,FoodScan 2,91880802,75.09,0.4,0.05,24.37,0.44,0.03,1.64,0.39,0.04,1.03,1.19,0.07,-1.04,0,0.93,0.57,0.03,-0.98,0.19,1.3,0.23,-1.33,0.17,10.61,7.87,1,1.79,1.4,1.47,0.4,0.1,43.2,16.3,13.5,475,112
8/16/2022 2:12:25 PM,5-4. Duck (Medium cup),,Normal,Duck-G-A1-2-2,,FoodScan 2,91880802,75.14,0.4,0.05,24.39,0.44,0.03,1.65,0.4,0.04,1.02,1.18,0.07,-1.04,0,0.92,0.57,0.03,-0.99,0.19,1.3,0.23,-1.33,0.16,10.66,7.93,1,1.8,1.41,1.5,0.41,0.1,43.1,16.3,13.5,476,112
8/16/2022 2:12:48 PM,5-4. Duck (Medium cup),,Normal,Duck-G-A1-2-3,,FoodScan 2,91880802,75.09,0.4,0.06,24.39,0.44,0.03,1.65,0.4,0.04,1.03,1.19,0.07,-1.04,0,0.89,0.57,0.03,-1.02,0.18,1.3,0.23,-1.34,0.16,10.72,8,1,1.81,1.41,1.48,0.41,0.1,43.1,16.3,13.5,476,112
8/16/2022 2:20:21 PM,5-4. Duck (Medium cup),,Normal,Duck-G-B1-1-1,,FoodScan 2,91880802,74.04,0.68,0.04,23,0.73,0.06,2.45,0.65,0.04,1.29,1.46,0.16,-0.97,0,1.09,1.21,0.03,-0.84,0.42,2.11,0.33,-1.15,-0.28,26.35,20.3,1,4.76,2.78,2.35,0.63,0.2,42.7,17.9,13.7,482,114
8/16/2022 2:20:53 PM,5-4. Duck (Medium cup),,Normal,Duck-G-B1-1-2,,FoodScan 2,91880802,74.05,0.68,0.04,22.98,0.74,0.06,2.46,0.65,0.04,1.29,1.46,0.16,-0.97,0,1.11,1.21,0.03,-0.83,0.39,2.11,0.33,-1.17,-0.3,26.61,20.56,1,4.81,2.8,2.29,0.64,0.21,42.6,18,13.8,482,114
8/16/2022 2:21:12 PM,5-4. Duck (Medium cup),,Normal,Duck-G-B1-1-3,,FoodScan 2,91880802,74.01,0.68,0.04,22.93,0.74,0.06,2.46,0.65,0.04,1.28,1.46,0.16,-0.97,0,1.07,1.22,0.03,-0.86,0.36,2.12,0.33,-1.19,-0.29,26.76,20.67,1,4.84,2.8,2.33,0.64,0.21,42.5,18.1,13.8,481,114
8/16/2022 2:32:45 PM,5-4. Duck (Medium cup),,Normal,Duck-G-B1-2-1,,FoodScan 2,91880802,74.42,0.72,0.04,23.3,0.78,0.05,2.18,0.67,0.04,1.19,1.52,0.14,-1,0,1.04,1.19,0.03,-0.89,0.55,2.22,0.35,-1.05,-0.47,25.87,19.23,1,4.6,2.77,2.26,0.58,0.15,40.7,17.9,13.2,477,113
8/16/2022 2:33:12 PM,5-4. Duck (Medium cup),,Normal,Duck-G-B1-2-2,,FoodScan 2,91880802,74.37,0.72,0.04,23.34,0.78,0.05,2.22,0.67,0.04,1.19,1.51,0.14,-1,0,1.05,1.19,0.03,-0.88,0.64,2.22,0.35,-0.98,-0.45,26.22,19.52,1,4.66,2.78,2.18,0.59,0.15,40.6,17.9,13.2,479,113
8/16/2022 2:33:31 PM,5-4. Duck (Medium cup),,Normal,Duck-G-B1-2-3,,FoodScan 2,91880802,74.39,0.72,0.04,23.32,0.78,0.05,2.17,0.67,0.04,1.19,1.51,0.14,-1,0,1.05,1.2,0.03,-0.88,0.55,2.22,0.35,-1.04,-0.48,26.42,19.71,1,4.7,2.79,2.29,0.59,0.15,40.5,17.9,13.2,477,113
8/16/2022 2:39:13 PM,5-4. Duck (Medium cup),,Normal,Duck-G-C1-1-1,,FoodScan 2,91880802,75.46,0.43,0.06,25.33,0.46,0.06,1.36,0.39,0.06,0.8,0.87,0.13,-1.1,0,1.22,0.49,0.02,-0.73,0.83,1.47,0.19,-0.82,-0.26,12.68,5.76,1,3.4,1.63,1.63,0.29,0.09,43.9,20.7,14.8,481,114
8/16/2022 2:39:47 PM,5-4. Duck (Medium cup),,Normal,Duck-G-C1-1-2,,FoodScan 2,91880802,75.43,0.43,0.06,25.28,0.46,0.06,1.38,0.39,0.06,0.78,0.88,0.13,-1.1,0,1.18,0.5,0.02,-0.76,0.8,1.48,0.19,-0.85,-0.25,12.85,6.02,1,3.34,1.66,1.6,0.29,0.09,43.9,20.7,14.8,481,114
8/16/2022 2:40:05 PM,5-4. Duck (Medium cup),,Normal,Duck-G-C1-1-3,,FoodScan 2,91880802,75.46,0.43,0.06,25.27,0.47,0.06,1.4,0.4,0.06,0.78,0.89,0.13,-1.1,0,1.19,0.51,0.02,-0.76,0.8,1.48,0.19,-0.84,-0.28,12.94,6.1,1,3.31,1.68,1.55,0.29,0.09,43.8,20.7,14.8,481,114
8/16/2022 2:45:04 PM,5-4. Duck (Medium cup),,Normal,Duck-G-C1-2-1,,FoodScan 2,91880802,75.02,0.38,0.06,24.36,0.4,0.06,1.67,0.34,0.06,0.9,0.83,0.1,-1.07,0,1.27,0.5,0.02,-0.68,0.54,1.34,0.18,-1.05,-0.26,13.21,6.17,1,3.3,1.68,1.65,0.26,0.1,46.1,18.5,14.9,476,112
8/16/2022 2:46:14 PM,5-4. Duck (Medium cup),,Normal,Duck-G-C1-2-2,,FoodScan 2,91880802,74.97,0.39,0.06,24.42,0.41,0.06,1.7,0.35,0.06,0.9,0.85,0.11,-1.07,0,1.27,0.52,0.02,-0.68,0.59,1.36,0.19,-1.01,-0.3,14.1,6.93,1,3.32,1.82,1.64,0.27,0.1,45.5,18.4,14.8,478,113
8/16/2022 2:46:57 PM,5-4. Duck (Medium cup),,Normal,Duck-G-C1-2-3,,FoodScan 2,91880802,75.04,0.39,0.06,24.31,0.41,0.06,1.67,0.35,0.06,0.91,0.84,0.11,-1.07,0,1.27,0.52,0.02,-0.69,0.58,1.35,0.2,-1.02,-0.32,13.9,6.9,1,3.22,1.82,1.63,0.27,0.11,45.1,18.5,15,475,112
8/16/2022 2:51:54 PM,5-4. Duck (Medium cup),,Normal,Duck-G-D1-1-1,,FoodScan 2,91880802,74.65,0.96,0.04,23.38,1.06,0.04,1.88,0.89,0.04,1.05,1.95,0.16,-1.03,0,1,1.47,0.03,-0.92,0.74,2.87,0.19,-0.89,-0.85,33.1,24.3,1,6.13,3.63,2.32,0.73,0.11,39.1,16.9,11.3,467,110
8/16/2022 2:52:32 PM,5-4. Duck (Medium cup),,Normal,Duck-G-D1-1-2,,FoodScan 2,91880802,74.63,0.97,0.04,23.25,1.07,0.04,1.88,0.9,0.04,1.04,1.96,0.16,-1.04,0,1,1.47,0.03,-0.92,0.67,2.88,0.19,-0.95,-0.89,33.55,24.77,1,6.23,3.69,2.15,0.73,0.11,39.1,17,11.4,465,110
8/16/2022 2:52:57 PM,5-4. Duck (Medium cup),,Normal,Duck-G-D1-1-2,,FoodScan 2,91880802,74.57,0.97,0.04,23.34,1.07,0.04,1.9,0.89,0.04,1.06,1.95,0.15,-1.03,0,0.97,1.47,0.03,-0.95,0.73,2.89,0.19,-0.9,-0.83,32.83,24.22,1,6.08,3.61,2.12,0.73,0.11,39.2,17,11.5,467,110
8/16/2022 2:53:27 PM,5-4. Duck (Medium cup),,Normal,Duck-G-D1-1-3,,FoodScan 2,91880802,74.63,0.97,0.04,23.37,1.07,0.04,1.89,0.9,0.04,1.05,1.95,0.16,-1.03,0,1,1.48,0.03,-0.93,0.74,2.89,0.19,-0.89,-0.86,33.33,24.7,1,6.16,3.64,2.26,0.74,0.12,39.2,17.1,11.5,467,110
8/16/2022 3:01:28 PM,5-4. Duck (Medium cup),,Normal,Duck-G-D1-2-1,,FoodScan 2,91880802,74.36,1.68,0.13,21.24,1.75,0.13,2.34,1.55,0.13,1.1,1.86,0.18,-1.02,0,0.89,2.59,0.03,-1.02,0.33,4.11,0.04,-1.22,-1.32,54.89,42.23,0.99,10.97,6.64,3.24,1.14,0.22,35.1,18.1,9.8,447,106
8/16/2022 3:02:03 PM,5-4. Duck (Medium cup),,Normal,Duck-G-D1-2-2,,FoodScan 2,91880802,74.36,1.7,0.14,21.32,1.77,0.14,2.36,1.57,0.13,1.1,1.88,0.17,-1.02,0,0.89,2.63,0.04,-1.02,0.46,4.14,0.04,-1.12,-1.36,56.9,44.07,0.99,11.37,6.88,3.31,1.16,0.23,34.7,18.3,9.9,450,107
8/16/2022 3:02:31 PM,5-4. Duck (Medium cup),,Normal,Duck-G-D1-2-3,,FoodScan 2,91880802,74.4,1.7,0.14,21.3,1.78,0.13,2.34,1.57,0.13,1.11,1.88,0.18,-1.02,0,0.88,2.64,0.04,-1.03,0.31,4.15,0.04,-1.24,-1.38,57.51,44.65,0.99,11.55,7.03,3.28,1.17,0.24,34.7,18.4,10.1,449,106
8/16/2022 3:10:38 PM,5-4. Duck (Medium cup),,Normal,Duck-G-E1-1-1,,FoodScan 2,91880802,74.37,0.59,0.05,24.96,0.65,0.05,1.9,0.55,0.05,1,1.3,0.09,-1.05,0,1.15,0.8,0.02,-0.79,0.78,1.9,0.39,-0.86,-0.46,20.65,13.46,1,3.69,2.5,1.66,0.45,0.11,40.2,18.5,12.9,495,117
8/16/2022 3:11:06 PM,5-4. Duck (Medium cup),,Normal,Duck-G-E1-1-2,,FoodScan 2,91880802,74.3,0.59,0.05,24.97,0.65,0.05,1.92,0.55,0.05,0.98,1.31,0.09,-1.05,0,1.13,0.81,0.02,-0.81,0.75,1.9,0.39,-0.88,-0.51,21.05,13.89,1,3.77,2.53,1.69,0.46,0.11,40.1,18.6,13.1,496,117
8/16/2022 3:11:33 PM,5-4. Duck (Medium cup),,Normal,Duck-G-E1-1-3,,FoodScan 2,91880802,74.35,0.6,0.05,24.97,0.65,0.05,1.92,0.55,0.05,0.98,1.31,0.09,-1.05,0,1.15,0.81,0.02,-0.79,0.81,1.9,0.38,-0.84,-0.52,21.15,14.02,1,3.77,2.52,1.72,0.46,0.11,40.1,18.7,13.1,495,117
8/16/2022 3:18:16 PM,5-4. Duck (Medium cup),,Normal,Duck-G-E1-2-1,,FoodScan 2,91880802,74.62,0.74,0.07,23.45,0.78,0.07,1.9,0.67,0.06,0.91,1.41,0.1,-1.07,0,1.29,1.11,0.02,-0.67,0.88,2.31,0.4,-0.78,-0.84,30.42,19.55,1,5.76,3.28,2,0.55,0.07,38.8,18.1,12.5,469,111
8/16/2022 3:18:42 PM,5-4. Duck (Medium cup),,Normal,Duck-G-E1-2-2,,FoodScan 2,91880802,74.63,0.74,0.07,23.41,0.79,0.07,1.96,0.67,0.06,0.93,1.42,0.1,-1.07,0,1.34,1.13,0.03,-0.63,0.86,2.31,0.39,-0.8,-0.82,31.18,20.26,1,5.85,3.28,1.98,0.56,0.07,38.5,17.9,12.4,471,111
8/16/2022 3:19:07 PM,5-4. Duck (Medium cup),,Normal,Duck-G-E1-2-3,,FoodScan 2,91880802,74.65,0.74,0.06,23.39,0.79,0.07,1.98,0.67,0.06,0.93,1.42,0.1,-1.07,0,1.3,1.13,0.03,-0.66,0.89,2.32,0.38,-0.77,-0.81,31.26,20.42,1,5.84,3.25,2,0.56,0.07,38.2,17.9,12.4,471,111
9/5/2022 10:02:35 AM,5-4. Duck (Medium cup),,Normal,A1-1110905,,FoodScan 2,91880802,76.48,0.3,0.04,24.23,0.3,0.03,1.38,0.3,0.04,0.85,0.87,0.07,-1.09,0,1.01,0.47,0.02,-0.91,0.16,1.04,0.16,-1.36,-0.36,14.9,9.35,1,2.82,2.2,1.34,0.31,0.09,46.8,18.6,14.4,463,109
9/5/2022 10:03:25 AM,5-4. Duck (Medium cup),,Normal,A1-1110905,,FoodScan 2,91880802,76.52,0.31,0.04,24.2,0.3,0.03,1.39,0.3,0.04,0.84,0.88,0.07,-1.09,0,1.05,0.47,0.02,-0.87,0.12,1.04,0.16,-1.39,-0.34,14.91,9.38,1,2.81,2.2,1.29,0.31,0.09,47,18.5,14.3,463,109
9/5/2022 10:03:52 AM,5-4. Duck (Medium cup),,Normal,A1-1110905,,FoodScan 2,91880802,76.57,0.31,0.04,24.21,0.31,0.03,1.4,0.3,0.04,0.86,0.88,0.07,-1.08,0,1.06,0.47,0.02,-0.87,0.18,1.04,0.16,-1.34,-0.34,14.89,9.41,1,2.8,2.19,1.31,0.31,0.09,46.8,18.6,14.4,463,109
9/5/2022 10:09:39 AM,5-4. Duck (Medium cup),,Normal,A2-1110905,,FoodScan 2,91880802,75.92,0.5,0.04,24.08,0.54,0.04,1.61,0.46,0.04,0.9,1.24,0.08,-1.07,0,1.13,0.71,0.01,-0.81,0.7,1.69,0.32,-0.93,-0.76,21.55,13.46,1,4.24,3.07,1.39,0.38,0.1,43,17.9,13.2,469,111
9/5/2022 10:10:05 AM,5-4. Duck (Medium cup),,Normal,A2-1110905,,FoodScan 2,91880802,75.89,0.5,0.04,24.14,0.54,0.04,1.62,0.46,0.04,0.88,1.24,0.08,-1.08,0,1.13,0.71,0.01,-0.81,0.81,1.68,0.32,-0.84,-0.77,21.6,13.59,1,4.21,3.03,1.43,0.38,0.1,42.9,17.9,13.2,470,111
9/5/2022 10:10:33 AM,5-4. Duck (Medium cup),,Normal,A2-1110905,,FoodScan 2,91880802,75.92,0.51,0.04,24.1,0.55,0.04,1.62,0.46,0.04,0.9,1.25,0.08,-1.07,0,1.1,0.72,0.01,-0.84,0.77,1.7,0.33,-0.87,-0.79,22.13,14.04,1,4.3,3.05,1.39,0.39,0.1,43.1,17.7,13.1,470,111
9/5/2022 10:15:15 AM,5-4. Duck (Medium cup),,Normal,B1-1110905,,FoodScan 2,91880802,75.26,1.03,0.11,22.98,1.1,0.12,1.67,0.92,0.1,0.74,1.8,0.15,-1.11,0,1.31,1.35,0.05,-0.65,0.74,2.91,0.37,-0.89,-1.59,43.79,29.71,1,9.41,6.12,1.93,0.77,0.12,37.2,18.7,11.5,452,107
9/5/2022 10:15:41 AM,5-4. Duck (Medium cup),,Normal,B1-1110905,,FoodScan 2,91880802,75.19,1.04,0.1,23.09,1.11,0.11,1.69,0.93,0.1,0.76,1.82,0.15,-1.11,0,1.28,1.37,0.04,-0.68,0.72,2.93,0.35,-0.9,-1.58,44.17,30.12,1,9.37,6.01,2.08,0.78,0.12,37.3,18.2,11.1,455,108
9/5/2022 10:16:05 AM,5-4. Duck (Medium cup),,Normal,B1-1110905,,FoodScan 2,91880802,75.24,1.04,0.09,22.92,1.1,0.11,1.74,0.93,0.09,0.75,1.83,0.15,-1.11,0,1.26,1.39,0.04,-0.69,0.87,2.92,0.34,-0.79,-1.58,45.27,31.19,1,9.52,6.07,1.96,0.77,0.11,37.3,18.1,11,454,107
9/5/2022 10:21:37 AM,5-4. Duck (Medium cup),,Normal,B2-1110905,,FoodScan 2,91880802,74.47,0.75,0.08,23.55,0.79,0.09,1.8,0.67,0.09,0.84,1.54,0.16,-1.09,0,1.43,1.1,0.05,-0.54,0.81,2.22,0.44,-0.84,-1,32.12,20.77,1,6.38,3.95,2,0.56,0.09,40.4,17.7,12.1,467,110
9/5/2022 10:22:03 AM,5-4. Duck (Medium cup),,Normal,B2-1110905,,FoodScan 2,91880802,74.44,0.74,0.08,23.52,0.79,0.08,1.83,0.66,0.09,0.84,1.53,0.15,-1.09,0,1.4,1.1,0.04,-0.57,0.79,2.22,0.44,-0.85,-0.99,32.35,21.06,1,6.37,3.88,1.94,0.57,0.09,40,17.2,11.9,468,111
9/5/2022 10:22:27 AM,5-4. Duck (Medium cup),,Normal,B2-1110905,,FoodScan 2,91880802,74.37,0.74,0.08,23.46,0.79,0.08,1.84,0.67,0.09,0.85,1.55,0.15,-1.09,0,1.44,1.12,0.05,-0.53,0.73,2.22,0.45,-0.9,-1.01,33.4,22,1,6.51,3.9,1.97,0.58,0.09,39.9,17.3,11.9,467,110
9/5/2022 10:28:34 AM,5-4. Duck (Medium cup),,Normal,C1-1110905,,FoodScan 2,91880802,74.75,0.97,0.09,23.2,0.99,0.11,1.85,0.86,0.09,0.79,1.58,0.16,-1.1,0,1.37,1.45,0.03,-0.59,0.59,2.59,0.31,-1.02,-1.49,47.38,33.24,1,9.38,5.59,2.38,0.75,0.12,39,17.7,10.8,463,109
9/5/2022 10:29:01 AM,5-4. Duck (Medium cup),,Normal,C1-1110905,,FoodScan 2,91880802,74.8,0.98,0.09,23.15,1,0.11,1.87,0.88,0.08,0.78,1.6,0.16,-1.1,0,1.37,1.48,0.02,-0.59,0.56,2.62,0.29,-1.04,-1.49,48.87,34.6,1,9.61,5.69,2.48,0.77,0.13,39.1,17.3,10.4,463,109
9/5/2022 10:29:25 AM,5-4. Duck (Medium cup),,Normal,C1-1110905,,FoodScan 2,91880802,74.73,0.98,0.09,23.13,1,0.11,1.9,0.87,0.08,0.8,1.6,0.16,-1.1,0,1.37,1.49,0.02,-0.6,0.53,2.61,0.29,-1.06,-1.44,48.74,34.56,1,9.52,5.59,2.47,0.77,0.12,39.4,17.3,10.3,464,110
9/5/2022 10:35:09 AM,5-4. Duck (Medium cup),,Normal,C2-1110905,,FoodScan 2,91880802,74.18,1.09,0.14,23.22,1.11,0.16,1.97,0.97,0.14,0.81,1.56,0.15,-1.1,0,1.43,1.42,0.04,-0.54,0.64,2.8,0.42,-0.98,-1.4,40.78,26.9,1,8.89,5.86,2.5,0.8,0.18,40.8,18.5,12.6,468,111
9/5/2022 10:35:35 AM,5-4. Duck (Medium cup),,Normal,C2-1110905,,FoodScan 2,91880802,74.14,1.07,0.13,23.27,1.1,0.15,1.95,0.96,0.13,0.79,1.55,0.15,-1.1,0,1.44,1.42,0.04,-0.53,0.74,2.78,0.41,-0.89,-1.38,40.34,26.64,1,8.72,5.71,2.53,0.79,0.17,40.3,18.5,12.6,468,111
9/5/2022 10:35:59 AM,5-4. Duck (Medium cup),,Normal,C2-1110905,,FoodScan 2,91880802,74.07,1.08,0.13,23.2,1.11,0.15,1.98,0.96,0.13,0.81,1.56,0.15,-1.1,0,1.43,1.44,0.03,-0.55,0.68,2.79,0.39,-0.94,-1.41,41.57,27.77,1,8.92,5.79,2.55,0.8,0.16,40.1,18.2,12.5,468,111
9/5/2022 10:42:08 AM,5-4. Duck (Medium cup),,Normal,D1-1110905,,FoodScan 2,91880802,75.95,0.49,0.07,24.11,0.5,0.1,1.13,0.43,0.08,0.63,0.88,0.12,-1.14,0,1.41,0.63,0.02,-0.56,0.98,1.62,0.2,-0.7,-0.81,22.1,11.19,1,6.05,2.76,1.83,0.38,0.07,43,18.9,13.2,452,107
9/5/2022 10:42:35 AM,5-4. Duck (Medium cup),,Normal,D1-1110905,,FoodScan 2,91880802,75.87,0.49,0.08,24.08,0.5,0.1,1.17,0.43,0.08,0.64,0.89,0.12,-1.14,0,1.44,0.64,0.02,-0.53,0.97,1.62,0.2,-0.71,-0.83,22.74,11.81,1,6.03,2.82,1.84,0.38,0.08,43.1,18.5,12.9,452,107
9/5/2022 10:42:59 AM,5-4. Duck (Medium cup),,Normal,D1-1110905,,FoodScan 2,91880802,75.91,0.49,0.07,24.04,0.5,0.1,1.2,0.43,0.08,0.63,0.89,0.12,-1.14,0,1.43,0.65,0.02,-0.54,1.01,1.62,0.2,-0.68,-0.8,23.04,12.14,1,5.98,2.85,1.82,0.38,0.08,42.9,18.4,12.9,453,107
9/5/2022 10:48:47 AM,5-4. Duck (Medium cup),,Normal,D2-1110905,,FoodScan 2,91880802,75.16,0.76,0.12,24.12,0.82,0.13,1.68,0.67,0.12,0.7,1.33,0.13,-1.12,0,1.44,0.86,0.04,-0.53,1,2.33,0.41,-0.68,-1.32,31.51,18.36,1,8.1,4.3,1.64,0.6,0.1,41.6,18.6,12.9,472,112
9/5/2022 10:49:21 AM,5-4. Duck (Medium cup),,Normal,D2-1110905,,FoodScan 2,91880802,75.11,0.76,0.11,24.1,0.82,0.12,1.7,0.67,0.12,0.71,1.34,0.13,-1.12,0,1.43,0.87,0.04,-0.54,1.01,2.34,0.41,-0.68,-1.31,31.16,18.27,1,7.88,4.22,1.64,0.6,0.1,41.9,18.3,12.7,473,112
9/5/2022 10:50:06 AM,5-4. Duck (Medium cup),,Normal,D2-1110905,,FoodScan 2,91880802,75.1,0.76,0.11,23.98,0.82,0.12,1.73,0.67,0.11,0.73,1.36,0.12,-1.12,0,1.4,0.9,0.03,-0.57,0.97,2.33,0.41,-0.71,-1.3,31.9,19.12,1,7.78,4.31,1.68,0.59,0.1,41.8,18.2,12.6,472,112
9/5/2022 10:54:14 AM,5-4. Duck (Medium cup),,Normal,E1-1110905,,FoodScan 2,91880802,75.69,0.42,0.06,24.82,0.43,0.08,1.83,0.36,0.06,0.66,0.63,0.07,-1.14,0,1.3,0.42,0.02,-0.65,1.06,1.45,0.16,-0.64,-0.93,21.64,9.69,1,7.52,3.52,1.55,0.39,0.06,43.4,20.5,14.1,490,116
9/5/2022 10:54:41 AM,5-4. Duck (Medium cup),,Normal,E1-1110905,,FoodScan 2,91880802,75.73,0.42,0.06,24.82,0.43,0.08,1.8,0.36,0.06,0.68,0.64,0.07,-1.13,0,1.31,0.43,0.02,-0.65,0.98,1.44,0.16,-0.7,-0.93,21.55,9.76,1,7.29,3.42,1.57,0.38,0.06,43.2,20.5,14.2,488,115
9/5/2022 10:55:07 AM,5-4. Duck (Medium cup),,Normal,E1-1110905,,FoodScan 2,91880802,75.64,0.42,0.06,24.79,0.43,0.08,1.83,0.36,0.06,0.67,0.65,0.06,-1.13,0,1.33,0.44,0.03,-0.63,1.01,1.44,0.16,-0.67,-0.94,21.81,10.08,1,7.19,3.39,1.56,0.37,0.06,43,20.6,14.4,489,116
9/5/2022 11:00:00 AM,5-4. Duck (Medium cup),,Normal,E2-1110905,,FoodScan 2,91880802,75.51,0.68,0.11,24.9,0.68,0.11,1.7,0.58,0.11,0.65,0.89,0.14,-1.14,0,1.37,0.69,0.01,-0.6,1.01,2.05,0.27,-0.67,-1.59,34.75,20.16,1,9.59,5.36,1.78,0.56,0.08,42.6,20.8,14.1,486,115
9/5/2022 11:00:34 AM,5-4. Duck (Medium cup),,Normal,E2-1110905,,FoodScan 2,91880802,75.6,0.68,0.11,24.9,0.69,0.11,1.76,0.59,0.11,0.65,0.91,0.13,-1.14,0,1.37,0.71,0.01,-0.59,1.04,2.06,0.27,-0.65,-1.56,35.26,20.74,1,9.5,5.36,1.74,0.55,0.09,42.6,20.7,14.1,489,115
9/5/2022 11:00:59 AM,5-4. Duck (Medium cup),,Normal,E2-1110905,,FoodScan 2,91880802,75.55,0.68,0.11,24.75,0.69,0.11,1.75,0.59,0.11,0.66,0.92,0.13,-1.13,0,1.34,0.72,0.02,-0.62,0.9,2.06,0.27,-0.77,-1.57,35.7,21.22,1,9.47,5.41,1.69,0.55,0.09,42.5,20.6,14,486,115
9/13/2022 9:16:03 AM,5-4. Duck (Medium cup),,Normal,,,FoodScan 2,91880802,54.68,258.27,152.45,49.35,294.44,182.2,1.62,229.4,162.24,-15.7,99.3,74.39,-5.4,0,15.41,44.32,13.95,11.83,-3.54,127.62,59.65,-4.33,-88.48,14261.92,14116.17,1.73,7571.19,7428.11,0.33,320.61,242.35,95.7,1,0.8,899,212
9/13/2022 9:27:05 AM,5-4. Duck (Medium cup),,Normal,A2-1-1110913,,FoodScan 2,91880802,75.8,0.27,0.05,23.97,0.28,0.04,1.82,0.25,0.04,0.86,0.71,0.06,-1.08,0,0.99,0.38,0.01,-0.93,0.45,0.96,0.14,-1.13,-0.4,13.04,5.78,1,3.5,1.8,1.47,0.21,0.11,44.3,18,13.8,475,112
9/13/2022 9:27:47 AM,5-4. Duck (Medium cup),,Normal,A2-2-1110913,,FoodScan 2,91880802,75.79,0.27,0.05,23.94,0.28,0.04,1.82,0.25,0.04,0.84,0.71,0.06,-1.09,0,0.96,0.39,0.01,-0.96,0.43,0.97,0.14,-1.14,-0.42,13.59,6.22,1,3.54,1.89,1.48,0.21,0.11,44.4,17.6,13.5,474,112
9/13/2022 9:28:11 AM,5-4. Duck (Medium cup),,Normal,A2-3-1110913,,FoodScan 2,91880802,75.75,0.27,0.05,23.88,0.28,0.04,1.83,0.25,0.05,0.85,0.71,0.06,-1.09,0,1,0.39,0.01,-0.92,0.45,0.97,0.14,-1.13,-0.43,13.68,6.32,1,3.51,1.91,1.44,0.21,0.11,44.1,17.7,13.6,474,112
9/13/2022 9:31:55 AM,5-4. Duck (Medium cup),,Normal,A3-1-1110913,,FoodScan 2,91880802,75.34,0.56,0.09,23.6,0.63,0.09,1.88,0.51,0.08,0.97,1.31,0.1,-1.06,0,1.28,0.73,0.03,-0.68,1.04,1.88,0.31,-0.65,-0.82,21.05,11.81,1,4.61,2.63,1.55,0.4,0.08,41.5,17.8,12.4,471,111
9/13/2022 9:32:18 AM,5-4. Duck (Medium cup),,Normal,A3-2-1110913,,FoodScan 2,91880802,75.39,0.56,0.08,23.65,0.64,0.09,1.87,0.51,0.08,0.96,1.33,0.1,-1.06,0,1.28,0.75,0.03,-0.68,1,1.89,0.32,-0.68,-0.81,21.54,12.28,1,4.65,2.72,1.59,0.4,0.08,41.5,17.5,12.2,471,111
9/13/2022 9:32:43 AM,5-4. Duck (Medium cup),,Normal,A3-3-1110913,,FoodScan 2,91880802,75.41,0.56,0.08,23.66,0.63,0.09,1.89,0.51,0.08,0.96,1.33,0.1,-1.06,0,1.25,0.75,0.03,-0.7,1.15,1.89,0.32,-0.56,-0.81,21.62,12.38,1,4.63,2.75,1.6,0.4,0.08,41.6,17.3,12,472,112
9/13/2022 9:38:01 AM,5-4. Duck (Medium cup),,Normal,B2-1-1110913,,FoodScan 2,91880802,74.28,0.72,0.07,23.24,0.75,0.09,1.92,0.65,0.06,0.97,1.2,0.15,-1.06,0,1.28,1.09,0.02,-0.67,0.69,2.14,0.38,-0.93,-0.8,28.69,18.12,1,5.46,3.35,2.22,0.49,0.08,40.5,17.5,11.8,466,110
9/13/2022 9:38:35 AM,5-4. Duck (Medium cup),,Normal,B2-2-1110913,,FoodScan 2,91880802,74.3,0.72,0.07,23.29,0.75,0.09,1.92,0.65,0.06,0.97,1.19,0.15,-1.06,0,1.28,1.1,0.02,-0.68,0.73,2.13,0.38,-0.9,-0.82,29.25,18.66,1,5.54,3.37,2.42,0.49,0.08,40.1,17.6,11.8,467,110
9/13/2022 9:38:59 AM,5-4. Duck (Medium cup),,Normal,B2-3-1110913,,FoodScan 2,91880802,74.27,0.73,0.07,23.18,0.76,0.08,1.95,0.66,0.06,0.99,1.2,0.15,-1.05,0,1.3,1.11,0.02,-0.66,0.61,2.14,0.39,-0.99,-0.83,30.01,19.34,1,5.65,3.39,2.38,0.5,0.08,40.1,17.5,11.8,466,110
9/13/2022 9:43:56 AM,5-4. Duck (Medium cup),,Normal,B3-1-1110913,,FoodScan 2,91880802,75.46,0.66,0.06,22.4,0.68,0.08,2.1,0.6,0.06,1.1,1.02,0.11,-1.02,0,1.19,1.09,0.01,-0.75,0.66,2.01,0.32,-0.95,-0.77,29.04,18.48,1,5.37,3.12,2.36,0.45,0.07,41.6,18.6,12.5,459,109
9/13/2022 9:44:24 AM,5-4. Duck (Medium cup),,Normal,B3-2-1110913,,FoodScan 2,91880802,75.45,0.66,0.06,22.39,0.68,0.08,2.12,0.6,0.06,1.11,1.02,0.11,-1.02,0,1.21,1.1,0.01,-0.74,0.66,2.02,0.33,-0.95,-0.77,29.41,18.85,1,5.42,3.13,2.39,0.45,0.07,41.4,18.4,12.4,459,109
9/13/2022 9:44:55 AM,5-4. Duck (Medium cup),,Normal,B3-3-1110913,,FoodScan 2,91880802,75.42,0.66,0.06,22.47,0.68,0.08,2.12,0.6,0.06,1.1,1.02,0.11,-1.02,0,1.19,1.1,0.02,-0.76,0.72,2.01,0.33,-0.91,-0.79,29.48,18.95,1,5.41,3.1,2.49,0.45,0.07,41.3,18.5,12.5,461,109
9/13/2022 9:52:35 AM,5-4. Duck (Medium cup),,Normal,C2-1-1110913,,FoodScan 2,91880802,74.46,0.63,0.07,23.87,0.68,0.08,1.69,0.58,0.06,1.03,1.3,0.13,-1.04,0,1.23,0.95,0.02,-0.72,0.73,1.96,0.41,-0.9,-0.49,19.99,12.94,1,3.65,2.62,2.21,0.43,0.09,42.6,17.8,13.1,468,111
9/13/2022 9:53:01 AM,5-4. Duck (Medium cup),,Normal,C2-2-1110913,,FoodScan 2,91880802,74.37,0.63,0.07,23.93,0.68,0.07,1.72,0.58,0.06,1.02,1.3,0.13,-1.04,0,1.19,0.95,0.01,-0.75,0.76,1.97,0.41,-0.88,-0.52,20.05,13.07,1,3.65,2.61,2.2,0.44,0.09,42.6,17.7,13.1,471,111
9/13/2022 9:53:25 AM,5-4. Duck (Medium cup),,Normal,C2-3-1110913,,FoodScan 2,91880802,74.46,0.63,0.07,23.93,0.68,0.07,1.72,0.58,0.06,1.03,1.29,0.13,-1.04,0,1.25,0.95,0.01,-0.7,0.76,1.96,0.41,-0.87,-0.52,20.07,13.12,1,3.65,2.6,2.18,0.44,0.09,42.4,17.6,13,470,111
9/13/2022 9:59:44 AM,5-4. Duck (Medium cup),,Normal,C3-1-1110913,,FoodScan 2,91880802,75.5,0.66,0.08,23.1,0.73,0.09,1.81,0.61,0.08,1,1.41,0.09,-1.05,0,1.19,0.97,0.01,-0.76,1.03,2.18,0.38,-0.66,-0.77,24.37,15,1,4.73,3.08,1.8,0.47,0.08,40.4,19.4,12.8,460,109
9/13/2022 10:00:11 AM,5-4. Duck (Medium cup),,Normal,C3-2-1110913,,FoodScan 2,91880802,75.43,0.67,0.08,23.06,0.74,0.09,1.8,0.61,0.08,1,1.42,0.09,-1.05,0,1.15,0.98,0.01,-0.79,0.95,2.19,0.39,-0.72,-0.77,24.63,15.27,1,4.75,3.07,1.77,0.47,0.08,40.3,19.2,12.7,458,108
9/13/2022 10:00:38 AM,5-4. Duck (Medium cup),,Normal,C3-3-1110913,,FoodScan 2,91880802,75.42,0.66,0.08,23.04,0.73,0.09,1.81,0.61,0.08,1.02,1.41,0.09,-1.04,0,1.15,0.97,0.01,-0.79,0.95,2.18,0.39,-0.72,-0.72,24.32,15.06,1,4.67,3.01,1.78,0.47,0.08,40.2,19.1,12.6,459,108
9/13/2022 10:07:20 AM,5-4. Duck (Medium cup),,Normal,D2-1-1110913,,FoodScan 2,91880802,74,1,0.04,23.01,1.03,0.06,2.46,0.9,0.04,1.11,1.25,0.14,-1.02,0,1.17,1.47,0.03,-0.77,0.58,2.7,0.22,-1.02,-1.16,38.7,26.36,1,7.43,4.36,2.88,0.67,0.08,40.4,18.6,12,482,114
9/13/2022 10:07:46 AM,5-4. Duck (Medium cup),,Normal,D2-2-1110913,,FoodScan 2,91880802,73.94,1,0.04,23,1.03,0.06,2.49,0.9,0.04,1.11,1.26,0.14,-1.02,0,1.16,1.49,0.02,-0.78,0.53,2.7,0.22,-1.06,-1.16,39.55,27.15,1,7.58,4.44,2.93,0.68,0.08,40,18.7,12.1,483,114
9/13/2022 10:08:13 AM,5-4. Duck (Medium cup),,Normal,D2-3-1110913,,FoodScan 2,91880802,74.04,1,0.04,22.94,1.03,0.06,2.47,0.9,0.04,1.11,1.26,0.14,-1.02,0,1.17,1.48,0.03,-0.77,0.54,2.69,0.22,-1.05,-1.18,39.32,26.98,1,7.53,4.4,2.78,0.68,0.08,39.6,18.8,12.2,481,114
9/13/2022 10:14:43 AM,5-4. Duck (Medium cup),,Normal,D3-1-1110913,,FoodScan 2,91880802,73.8,1.05,0.07,22.5,1.1,0.07,2.49,0.95,0.06,1.08,1.84,0.14,-1.03,0,1.32,1.69,0,-0.64,0.55,2.87,0.19,-1.04,-1.1,43.78,31.4,0.99,8.11,4.45,2.5,0.82,0.12,39,17.2,11.1,475,112
9/13/2022 10:15:08 AM,5-4. Duck (Medium cup),,Normal,D3-2-1110913,,FoodScan 2,91880802,73.87,1.05,0.07,22.53,1.1,0.07,2.48,0.95,0.06,1.08,1.84,0.14,-1.03,0,1.3,1.7,0,-0.66,0.54,2.87,0.19,-1.05,-1.09,43.96,31.57,0.99,8.13,4.43,2.56,0.82,0.13,39,17.1,11.1,475,112
9/13/2022 10:15:34 AM,5-4. Duck (Medium cup),,Normal,D3-3-1110913,,FoodScan 2,91880802,73.78,1.04,0.06,22.53,1.1,0.07,2.46,0.95,0.06,1.08,1.84,0.15,-1.03,0,1.29,1.7,0,-0.66,0.48,2.87,0.19,-1.1,-1.1,43.78,31.46,0.99,8.09,4.4,2.48,0.82,0.13,39.6,16.8,10.8,474,112
9/13/2022 10:22:57 AM,5-4. Duck (Medium cup),,Normal,E2-1-1110913,,FoodScan 2,91880802,75.49,0.41,0.06,24.38,0.42,0.06,2,0.36,0.06,0.94,0.78,0.08,-1.06,0,1.24,0.54,0.02,-0.71,0.78,1.38,0.18,-0.86,-0.75,18.4,9.38,1,4.47,2.58,1.59,0.28,0.11,45.9,18.5,13.8,488,115
9/13/2022 10:23:24 AM,5-4. Duck (Medium cup),,Normal,E2-2-1110913,,FoodScan 2,91880802,75.54,0.41,0.06,24.31,0.42,0.06,2.01,0.37,0.06,0.92,0.78,0.08,-1.07,0,1.29,0.54,0.01,-0.67,0.69,1.38,0.19,-0.94,-0.76,18.53,9.54,1,4.45,2.61,1.52,0.28,0.11,46.1,18.4,13.6,488,115
9/13/2022 10:23:49 AM,5-4. Duck (Medium cup),,Normal,E2-3-1110913,,FoodScan 2,91880802,75.53,0.42,0.06,24.37,0.42,0.06,2.03,0.37,0.06,0.94,0.79,0.08,-1.06,0,1.26,0.54,0.01,-0.7,0.77,1.38,0.19,-0.87,-0.79,18.76,9.77,1,4.46,2.65,1.58,0.29,0.11,45.9,18.4,13.7,490,116
9/13/2022 10:29:37 AM,5-4. Duck (Medium cup),,Normal,E3-1-1110913,,FoodScan 2,91880802,74.84,1.05,0.04,22.42,1.1,0.05,2.31,0.95,0.04,1.01,1.54,0.14,-1.04,0,1.1,1.58,0.01,-0.83,0.74,2.91,0.19,-0.89,-1.35,46.47,32.92,1,8.89,5.14,2.52,0.74,0.08,35.7,18.8,10.8,467,110
9/13/2022 10:30:05 AM,5-4. Duck (Medium cup),,Normal,E3-2-1110913,,FoodScan 2,91880802,74.82,1.06,0.04,22.37,1.1,0.05,2.31,0.96,0.04,1.03,1.55,0.15,-1.04,0,1.07,1.6,0.01,-0.86,0.62,2.93,0.18,-0.99,-1.39,47.2,33.61,1,9.02,5.21,2.51,0.75,0.08,35.9,18.5,10.5,466,110
9/13/2022 10:30:30 AM,5-4. Duck (Medium cup),,Normal,E3-3-1110913,,FoodScan 2,91880802,74.72,1.07,0.04,22.33,1.11,0.05,2.34,0.96,0.04,1.02,1.56,0.15,-1.04,0,1.08,1.61,0.01,-0.85,0.65,2.94,0.17,-0.97,-1.39,48.07,34.44,1,9.16,5.27,2.53,0.75,0.08,35.9,18.5,10.4,466,110
9/20/2022 9:30:09 AM,5-4. Duck (Medium cup),,Normal,1110920-A2-1,,FoodScan 2,91880802,75.18,0.45,0.04,23.87,0.48,0.04,1.8,0.42,0.04,0.98,1.23,0.08,-1.05,0,1.22,0.72,0.02,-0.72,0.51,1.53,0.35,-1.08,-0.42,19.04,12.14,1,3.39,2.36,1.6,0.37,0.11,43,17,12.8,472,112
9/20/2022 9:30:38 AM,5-4. Duck (Medium cup),,Normal,1110920-A2-2,,FoodScan 2,91880802,75.15,0.46,0.04,23.85,0.49,0.04,1.8,0.42,0.04,0.98,1.24,0.08,-1.05,0,1.22,0.73,0.02,-0.73,0.54,1.54,0.36,-1.05,-0.45,19.34,12.44,1,3.43,2.35,1.6,0.38,0.11,42.7,17,12.8,472,112
9/20/2022 9:31:01 AM,5-4. Duck (Medium cup),,Normal,1110920-A2-3,,FoodScan 2,91880802,75.2,0.46,0.04,23.8,0.49,0.04,1.81,0.42,0.03,0.98,1.25,0.08,-1.05,0,1.22,0.73,0.02,-0.73,0.57,1.55,0.36,-1.03,-0.45,19.55,12.7,1,3.45,2.34,1.57,0.38,0.11,42.9,16.9,12.7,472,112
9/20/2022 9:35:55 AM,5-4. Duck (Medium cup),,Normal,1110920-A3-1,,FoodScan 2,91880802,75.25,0.46,0.06,23.93,0.5,0.06,1.59,0.43,0.05,0.92,1.32,0.1,-1.07,0,1.28,0.74,0.03,-0.68,0.61,1.56,0.34,-1,-0.4,17.62,10.82,1,3.25,2.45,1.68,0.36,0.12,43.3,17.2,13.7,466,110
9/20/2022 9:36:20 AM,5-4. Duck (Medium cup),,Normal,1110920-A3-2,,FoodScan 2,91880802,75.14,0.46,0.05,23.88,0.5,0.06,1.6,0.43,0.05,0.93,1.33,0.1,-1.07,0,1.24,0.75,0.03,-0.71,0.55,1.57,0.35,-1.04,-0.43,17.95,11.12,1,3.3,2.44,1.63,0.37,0.12,43.6,16.8,13.5,465,110
9/20/2022 9:36:46 AM,5-4. Duck (Medium cup),,Normal,1110920-A3-3,,FoodScan 2,91880802,75.18,0.46,0.05,23.91,0.5,0.06,1.59,0.43,0.05,0.92,1.33,0.1,-1.07,0,1.29,0.75,0.03,-0.67,0.57,1.57,0.35,-1.03,-0.43,18,11.2,1,3.29,2.43,1.64,0.37,0.12,43.3,16.8,13.5,465,110
9/20/2022 9:42:52 AM,5-4. Duck (Medium cup),,Normal,1110920-B2-1,,FoodScan 2,91880802,75.22,0.6,0.06,24.9,0.66,0.07,1.57,0.55,0.06,0.85,1.4,0.09,-1.09,0,1.11,0.78,0.02,-0.82,0.93,1.96,0.37,-0.74,-0.86,23.88,15.12,1,4.75,3.32,1.46,0.45,0.08,43.7,18.1,12.3,482,114
9/20/2022 9:43:16 AM,5-4. Duck (Medium cup),,Normal,1110920-B2-2,,FoodScan 2,91880802,75.32,0.6,0.06,24.9,0.67,0.06,1.55,0.55,0.06,0.83,1.41,0.09,-1.09,0,1.11,0.79,0.02,-0.82,0.93,1.97,0.38,-0.74,-0.88,24.42,15.61,1,4.82,3.32,1.5,0.46,0.08,43.6,17.9,12.1,481,114
9/20/2022 9:43:41 AM,5-4. Duck (Medium cup),,Normal,1110920-B2-3,,FoodScan 2,91880802,75.29,0.61,0.06,24.87,0.67,0.06,1.61,0.55,0.06,0.83,1.42,0.09,-1.09,0,1.08,0.8,0.02,-0.85,0.96,1.98,0.39,-0.72,-0.89,25,16.15,1,4.9,3.33,1.45,0.46,0.09,43.8,17.7,11.9,482,114
9/20/2022 9:50:02 AM,5-4. Duck (Medium cup),,Normal,1110920-B3-1,,FoodScan 2,91880802,76.37,0.31,0.04,23.87,0.32,0.02,1.65,0.3,0.04,0.96,0.87,0.08,-1.06,0,0.97,0.45,0.02,-0.95,0.27,1.06,0.18,-1.27,-0.01,9.88,5.5,1,1.99,1.52,1.42,0.26,0.07,47,18.8,15.3,467,110
9/20/2022 9:50:32 AM,5-4. Duck (Medium cup),,Normal,1110920-B3-2,,FoodScan 2,91880802,76.32,0.31,0.04,23.88,0.32,0.02,1.66,0.3,0.04,0.96,0.88,0.08,-1.06,0,1,0.46,0.02,-0.93,0.2,1.07,0.18,-1.33,-0.03,10.02,5.67,1,2,1.54,1.41,0.26,0.07,46.8,18.9,15.5,467,110
9/20/2022 9:51:02 AM,5-4. Duck (Medium cup),,Normal,1110920-B3-3,,FoodScan 2,91880802,76.33,0.31,0.04,23.83,0.33,0.02,1.64,0.3,0.04,0.96,0.88,0.08,-1.06,0,1,0.46,0.02,-0.93,0.19,1.07,0.18,-1.33,-0.03,10,5.69,1,1.98,1.52,1.4,0.26,0.07,46.7,19.1,15.5,466,110
9/20/2022 9:57:50 AM,5-4. Duck (Medium cup),,Normal,1110920-C2-1,,FoodScan 2,91880802,74.43,0.67,0.08,23.39,0.7,0.09,2.12,0.6,0.09,0.99,1.44,0.16,-1.05,0,1.36,1.09,0.03,-0.6,0.68,2.03,0.43,-0.94,-0.86,30.39,20.18,1,5.63,3.3,2.05,0.51,0.08,43.7,17.5,13.4,476,113
9/20/2022 9:58:17 AM,5-4. Duck (Medium cup),,Normal,1110920-C2-2,,FoodScan 2,91880802,74.37,0.66,0.08,23.39,0.69,0.09,2.14,0.6,0.09,0.99,1.43,0.16,-1.05,0,1.34,1.09,0.03,-0.62,0.65,2.02,0.43,-0.96,-0.86,30.29,20.18,1,5.59,3.26,1.96,0.51,0.08,43.6,17.2,13.2,477,113
9/20/2022 9:58:45 AM,5-4. Duck (Medium cup),,Normal,1110920-C2-3,,FoodScan 2,91880802,74.41,0.67,0.08,23.37,0.7,0.09,2.11,0.6,0.09,1,1.44,0.16,-1.05,0,1.36,1.1,0.03,-0.6,0.62,2.03,0.44,-0.99,-0.87,31.03,20.83,1,5.69,3.28,2.13,0.52,0.08,43.3,17.1,13.1,475,112
9/20/2022 10:03:19 AM,5-4. Duck (Medium cup),,Normal,1110920-C3-1,,FoodScan 2,91880802,74.39,1.2,0.09,22.97,1.23,0.1,2.17,1.09,0.09,0.94,1.83,0.13,-1.06,0,1.19,1.87,0,-0.76,0.46,3.07,0.15,-1.12,-1.42,50.61,36.9,1,9.81,5.74,2.91,0.9,0.14,41.4,18.3,11.9,471,111
9/20/2022 10:03:44 AM,5-4. Duck (Medium cup),,Normal,1110920-C3-2,,FoodScan 2,91880802,74.4,1.2,0.09,22.9,1.24,0.1,2.21,1.09,0.08,0.95,1.84,0.13,-1.06,0,1.17,1.88,0,-0.77,0.41,3.07,0.14,-1.16,-1.41,50.78,37.13,1,9.85,5.76,2.89,0.91,0.14,40.8,18.1,11.8,471,111
9/20/2022 10:04:08 AM,5-4. Duck (Medium cup),,Normal,1110920-C3-3,,FoodScan 2,91880802,74.35,1.2,0.09,22.95,1.24,0.1,2.22,1.09,0.08,0.95,1.84,0.13,-1.06,0,1.17,1.89,0,-0.77,0.47,3.08,0.14,-1.11,-1.42,51.13,37.47,1,9.9,5.78,2.94,0.91,0.14,40.3,18.1,11.8,472,112
9/20/2022 10:09:35 AM,5-4. Duck (Medium cup),,Normal,1110920-D2-1,,FoodScan 2,91880802,75.75,0.91,0.05,23.42,0.93,0.07,1.66,0.8,0.05,0.77,1.32,0.12,-1.11,0,1.07,1.27,0.04,-0.86,0.83,2.56,0.31,-0.82,-1.48,42.85,29.26,1,8.75,5.45,2.44,0.63,0.07,39.2,20.2,11.9,460,109
9/20/2022 10:10:21 AM,5-4. Duck (Medium cup),,Normal,1110920-D2-2,,FoodScan 2,91880802,75.8,0.92,0.05,23.36,0.94,0.07,1.7,0.81,0.05,0.77,1.34,0.12,-1.11,0,1.06,1.29,0.05,-0.87,0.91,2.58,0.3,-0.75,-1.48,43.95,30.28,1,8.9,5.5,2.44,0.64,0.07,38.6,19.8,11.7,460,109
9/20/2022 10:10:44 AM,5-4. Duck (Medium cup),,Normal,1110920-D2-3,,FoodScan 2,91880802,75.82,0.92,0.05,23.28,0.94,0.07,1.71,0.82,0.05,0.79,1.35,0.12,-1.1,0,1.07,1.31,0.05,-0.86,0.81,2.59,0.29,-0.83,-1.49,44.71,30.99,1,9.03,5.59,2.46,0.64,0.07,38.1,19.8,11.6,459,108
9/20/2022 10:16:39 AM,5-4. Duck (Medium cup),,Normal,1110920-D3-1,,FoodScan 2,91880802,75.66,0.69,0.08,23.16,0.7,0.09,1.94,0.61,0.08,0.87,1.18,0.11,-1.08,0,1.21,1.01,0.01,-0.74,0.81,2.09,0.33,-0.84,-1.19,33.96,21.67,1,7.1,4.58,2.04,0.49,0.08,43.8,19.3,13.6,465,110
9/20/2022 10:17:06 AM,5-4. Duck (Medium cup),,Normal,1110920-D3-2,,FoodScan 2,91880802,75.67,0.69,0.08,23.16,0.7,0.09,1.94,0.61,0.08,0.87,1.18,0.11,-1.08,0,1.22,1.02,0.01,-0.73,0.77,2.09,0.33,-0.87,-1.2,34.12,21.86,1,7.08,4.55,2.05,0.49,0.08,44.1,19,13.3,466,110
9/20/2022 10:17:30 AM,5-4. Duck (Medium cup),,Normal,1110920-D3-3,,FoodScan 2,91880802,75.55,0.7,0.08,23.03,0.71,0.09,1.93,0.62,0.08,0.89,1.2,0.11,-1.08,0,1.21,1.03,0.01,-0.74,0.77,2.1,0.34,-0.87,-1.23,35.05,22.71,1,7.23,4.62,2.04,0.5,0.08,43.8,18.9,13.2,463,110
9/20/2022 10:23:25 AM,5-4. Duck (Medium cup),,Normal,1110920-E2-1,,FoodScan 2,91880802,74.25,1.12,0.1,23.47,1.15,0.11,1.88,1.01,0.09,0.96,1.51,0.16,-1.06,0,1.18,1.55,0.01,-0.77,0.68,2.94,0.29,-0.94,-1.03,32.31,20.81,0.99,6.81,4.53,3.01,0.75,0.13,44.5,19.3,14,468,111
9/20/2022 10:24:10 AM,5-4. Duck (Medium cup),,Normal,1110920-E2-2,,FoodScan 2,91880802,74.35,1.12,0.09,23.51,1.15,0.1,1.87,1.01,0.09,0.96,1.51,0.16,-1.06,0,1.21,1.56,0.01,-0.74,0.63,2.94,0.28,-0.98,-1.03,32.11,20.77,1,6.72,4.44,3,0.74,0.12,44,19.2,14,469,111
9/20/2022 10:24:35 AM,5-4. Duck (Medium cup),,Normal,1110920-E2-3,,FoodScan 2,91880802,74.28,1.13,0.09,23.38,1.16,0.1,1.91,1.02,0.09,0.95,1.53,0.16,-1.06,0,1.21,1.59,0.01,-0.73,0.63,2.96,0.26,-0.98,-1.07,33.47,22,1,6.94,4.53,2.95,0.76,0.12,43.6,19.2,14,468,111
9/20/2022 10:31:07 AM,5-4. Duck (Medium cup),,Normal,1110920-E3-1,,FoodScan 2,91880802,75.5,0.55,0.06,23.57,0.57,0.06,1.94,0.49,0.06,0.95,0.85,0.11,-1.06,0,1.26,0.71,0.01,-0.7,0.87,1.81,0.2,-0.79,-0.7,19.33,9.66,1,4.88,2.38,1.74,0.37,0.06,44.3,20.2,14.6,473,112
9/20/2022 10:31:31 AM,5-4. Duck (Medium cup),,Normal,1110920-E3-2,,FoodScan 2,91880802,75.49,0.55,0.06,23.65,0.57,0.06,1.94,0.49,0.06,0.97,0.85,0.11,-1.05,0,1.23,0.7,0.01,-0.72,0.92,1.81,0.2,-0.75,-0.67,18.97,9.45,1,4.79,2.35,1.92,0.37,0.07,43.9,20.2,14.7,474,112
9/20/2022 10:31:58 AM,5-4. Duck (Medium cup),,Normal,1110920-E3-3,,FoodScan 2,91880802,75.59,0.55,0.06,23.54,0.57,0.06,1.94,0.49,0.06,0.96,0.86,0.11,-1.06,0,1.22,0.72,0.01,-0.73,0.87,1.81,0.2,-0.78,-0.7,19.23,9.72,1,4.76,2.39,1.78,0.37,0.07,43.7,20.3,14.7,472,112
